,id_envio,id_produto,quantidade,valor_unitario,nome,categoria
0,1,115,4,1169.67,Cama Casal,Moveis
1,2,98,7,1147.82,Freezer Horizontal,Eletrodomesticos
2,3,111,1,1119.78,Rack TV,Moveis
3,4,97,7,876.64,Geladeira,Eletrodomesticos
4,5,45,9,921.54,Mala de Viagem,Vestuario
5,6,77,10,1377.31,Banco de Musculação,Esportes
6,7,112,6,1480.24,Painel para TV,Moveis
7,8,96,7,489.7,Ar Condicionado,Eletrodomesticos
8,9,99,8,1264.01,Fogão,Eletrodomesticos
9,10,100,7,242.11,Máquina de Lavar,Eletrodomesticos
10,11,155,1,611.02,Escada,Construcao
11,12,72,6,1392.91,Skate,Esportes
12,13,114,2,1311.21,Beliche,Moveis
13,14,155,7,1611.22,Escada,Construcao
14,15,111,10,1172.96,Rack TV,Moveis
15,16,125,10,42.7,Cama Elástica,Brinquedos
16,17,156,9,620.06,Carrinho de Mão,Construcao
17,18,54,10,378.64,Secador de Cabelo,Beleza
18,19,97,10,408.55,Geladeira,Eletrodomesticos
19,20,98,3,1933.27,Freezer Horizontal,Eletrodomesticos
20,21,139,9,1746.13,Casinha para Cachorro,Pet Shop
21,22,109,2,1316.21,Sofá 3 Lugares,Moveis
22,23,110,5,1630.7,Mesa de Jantar,Moveis
23,24,112,5,1994.86,Painel para TV,Moveis
24,25,89,4,1211.92,Air Fryer,Eletrodomesticos
25,26,125,6,1219.68,Cama Elástica,Brinquedos
26,27,107,5,1178.45,Guarda-Roupa,Moveis
27,28,77,6,1353.97,Banco de Musculação,Esportes
28,29,116,10,1145.5,Colchão Queen,Moveis
29,30,96,6,589.14,Ar Condicionado,Eletrodomesticos
30,31,125,9,1380.36,Cama Elástica,Brinquedos
31,32,108,2,1437.51,Sofá 2 Lugares,Moveis
32,33,125,9,683.08,Cama Elástica,Brinquedos
33,34,107,8,844.25,Guarda-Roupa,Moveis
34,35,101,6,1781.95,Secadora de Roupas,Eletrodomesticos
35,36,125,1,77.34,Cama Elástica,Brinquedos
36,37,110,10,497.28,Mesa de Jantar,Moveis
37,38,139,7,744.88,Casinha para Cachorro,Pet Shop
38,39,125,6,1657.38,Cama Elástica,Brinquedos
39,40,101,4,1496.56,Secadora de Roupas,Eletrodomesticos
40,41,95,5,1185.34,Ventilador,Eletrodomesticos
41,42,96,6,1855.08,Ar Condicionado,Eletrodomesticos
42,43,80,8,916.71,CPU Gamer,Informatica
43,44,86,1,1081.04,Rack de Servidor,Informatica
44,45,125,7,1913.49,Cama Elástica,Brinquedos
45,46,108,6,374.56,Sofá 2 Lugares,Moveis
46,47,107,4,965.71,Guarda-Roupa,Moveis
47,48,97,1,462.75,Geladeira,Eletrodomesticos
48,49,76,5,21.75,Esteira Ergométrica,Esportes
49,50,154,7,1917.71,Serra Circular,Construcao
50,51,151,7,1664.05,Parafusadeira,Construcao
51,52,99,10,867.01,Fogão,Eletrodomesticos
52,53,84,3,591.83,Switch de Rede,Informatica
53,54,116,8,1472.56,Colchão Queen,Moveis
54,55,75,7,130.05,Bicicleta Adulto,Esportes
55,56,109,1,346.89,Sofá 3 Lugares,Moveis
56,57,116,1,1007.69,Colchão Queen,Moveis
57,58,76,8,1810.8,Esteira Ergométrica,Esportes
58,59,86,7,35.61,Rack de Servidor,Informatica
59,60,115,9,822.08,Cama Casal,Moveis
60,61,111,4,45.34,Rack TV,Moveis
61,62,114,1,194.53,Beliche,Moveis
62,63,125,4,1948.88,Cama Elástica,Brinquedos
63,64,109,8,222.77,Sofá 3 Lugares,Moveis
64,65,76,2,1721.02,Esteira Ergométrica,Esportes
65,66,115,3,1035.66,Cama Casal,Moveis
66,67,108,6,1451.48,Sofá 2 Lugares,Moveis
67,68,85,8,238.19,Servidor Torre,Informatica
68,69,76,2,1199.46,Esteira Ergométrica,Esportes
69,70,112,8,805.22,Painel para TV,Moveis
70,71,75,5,1674.37,Bicicleta Adulto,Esportes
71,72,96,10,675.47,Ar Condicionado,Eletrodomesticos
72,73,100,5,129.08,Máquina de Lavar,Eletrodomesticos
73,74,110,4,1841.23,Mesa de Jantar,Moveis
74,75,109,6,1167.65,Sofá 3 Lugares,Moveis
75,76,139,3,1573.91,Casinha para Cachorro,Pet Shop
76,77,155,10,1948.07,Escada,Construcao
77,78,98,7,205.02,Freezer Horizontal,Eletrodomesticos
78,79,75,5,1586.87,Bicicleta Adulto,Esportes
79,80,107,1,803.54,Guarda-Roupa,Moveis
80,81,104,6,1495.16,Mesa Escritório,Moveis
81,82,101,4,500.11,Secadora de Roupas,Eletrodomesticos
82,83,149,8,207.03,Fardo de Água,Alimentos
83,84,111,1,1701.72,Rack TV,Moveis
84,85,155,1,984.58,Escada,Construcao
85,86,75,6,240.51,Bicicleta Adulto,Esportes
86,87,108,8,1268.64,Sofá 2 Lugares,Moveis
87,88,100,2,1808.08,Máquina de Lavar,Eletrodomesticos
88,89,155,1,1930.72,Escada,Construcao
89,90,111,9,845.5,Rack TV,Moveis
90,91,111,6,1529.01,Rack TV,Moveis
91,92,76,7,539.77,Esteira Ergométrica,Esportes
92,93,156,4,1978.76,Carrinho de Mão,Construcao
93,94,101,8,1194.49,Secadora de Roupas,Eletrodomesticos
94,95,75,7,1591.26,Bicicleta Adulto,Esportes
95,96,87,6,1441.85,Micro-ondas,Eletrodomesticos
96,97,113,8,280.86,Cômoda,Moveis
97,98,54,8,1917.6,Secador de Cabelo,Beleza
98,99,100,8,1264.08,Máquina de Lavar,Eletrodomesticos
99,100,139,4,1686.08,Casinha para Cachorro,Pet Shop
100,101,156,6,105.52,Carrinho de Mão,Construcao
101,102,155,2,1597.2,Escada,Construcao
102,103,100,7,1720.77,Máquina de Lavar,Eletrodomesticos
103,104,125,6,1886.53,Cama Elástica,Brinquedos
104,105,139,6,700.52,Casinha para Cachorro,Pet Shop
105,106,113,9,1070.74,Cômoda,Moveis
106,107,99,9,1920.41,Fogão,Eletrodomesticos
107,108,77,1,202.56,Banco de Musculação,Esportes
108,109,101,5,369.29,Secadora de Roupas,Eletrodomesticos
109,110,125,1,1177.69,Cama Elástica,Brinquedos
110,111,111,5,54.18,Rack TV,Moveis
111,112,97,10,196.69,Geladeira,Eletrodomesticos
112,113,81,5,1269.07,Notebook Gamer,Informatica
113,114,139,5,482.32,Casinha para Cachorro,Pet Shop
114,115,100,9,1886.29,Máquina de Lavar,Eletrodomesticos
115,116,113,8,624.87,Cômoda,Moveis
116,117,123,3,1733.32,Casa de Boneca,Brinquedos
117,118,85,4,582.45,Servidor Torre,Informatica
118,119,77,3,1568.75,Banco de Musculação,Esportes
119,120,86,7,1517.0,Rack de Servidor,Informatica
120,121,155,6,1251.61,Escada,Construcao
121,122,77,2,192.32,Banco de Musculação,Esportes
122,123,97,1,1325.08,Geladeira,Eletrodomesticos
123,124,131,9,1547.73,Pneu Aro 15,Automotivo
124,125,76,4,238.69,Esteira Ergométrica,Esportes
125,126,97,1,1422.18,Geladeira,Eletrodomesticos
126,127,111,6,375.21,Rack TV,Moveis
127,128,85,4,597.67,Servidor Torre,Informatica
128,129,156,6,680.79,Carrinho de Mão,Construcao
129,130,109,3,1182.04,Sofá 3 Lugares,Moveis
130,131,115,7,1156.41,Cama Casal,Moveis
131,132,139,4,127.68,Casinha para Cachorro,Pet Shop
132,133,96,10,1420.17,Ar Condicionado,Eletrodomesticos
133,134,77,1,1738.45,Banco de Musculação,Esportes
134,135,125,8,895.22,Cama Elástica,Brinquedos
135,136,77,8,1046.5,Banco de Musculação,Esportes
136,137,96,7,45.86,Ar Condicionado,Eletrodomesticos
137,138,124,10,1044.95,Piscina Inflável,Brinquedos
138,139,125,1,797.52,Cama Elástica,Brinquedos
139,140,116,10,982.24,Colchão Queen,Moveis
140,141,155,10,1474.44,Escada,Construcao
141,142,112,10,687.27,Painel para TV,Moveis
142,143,116,1,315.61,Colchão Queen,Moveis
143,144,116,3,1396.26,Colchão Queen,Moveis
144,145,100,9,825.46,Máquina de Lavar,Eletrodomesticos
145,146,99,2,1959.99,Fogão,Eletrodomesticos
146,147,154,7,1800.03,Serra Circular,Construcao
147,148,79,10,881.09,"Monitor 32""",Informatica
148,149,98,4,148.16,Freezer Horizontal,Eletrodomesticos
149,150,125,1,1181.32,Cama Elástica,Brinquedos
150,151,155,2,1821.2,Escada,Construcao
151,152,97,5,1897.36,Geladeira,Eletrodomesticos
152,153,113,2,309.83,Cômoda,Moveis
153,154,115,2,1276.7,Cama Casal,Moveis
154,155,110,2,1779.49,Mesa de Jantar,Moveis
155,156,112,5,1349.15,Painel para TV,Moveis
156,157,100,1,1249.4,Máquina de Lavar,Eletrodomesticos
157,158,139,2,537.59,Casinha para Cachorro,Pet Shop
158,159,125,6,1461.15,Cama Elástica,Brinquedos
159,160,110,6,515.44,Mesa de Jantar,Moveis
160,161,77,3,833.2,Banco de Musculação,Esportes
161,162,96,8,22.31,Ar Condicionado,Eletrodomesticos
162,163,100,2,788.26,Máquina de Lavar,Eletrodomesticos
163,164,98,1,1733.88,Freezer Horizontal,Eletrodomesticos
164,165,76,6,696.62,Esteira Ergométrica,Esportes
165,166,85,2,906.23,Servidor Torre,Informatica
166,167,97,8,166.45,Geladeira,Eletrodomesticos
167,168,75,2,617.48,Bicicleta Adulto,Esportes
168,169,100,7,833.66,Máquina de Lavar,Eletrodomesticos
169,170,86,8,1647.4,Rack de Servidor,Informatica
170,171,76,7,208.1,Esteira Ergométrica,Esportes
171,172,85,10,421.1,Servidor Torre,Informatica
172,173,114,8,1625.11,Beliche,Moveis
173,174,125,6,1518.32,Cama Elástica,Brinquedos
174,175,99,1,1485.99,Fogão,Eletrodomesticos
175,176,130,3,1171.18,Bateria Automotiva,Automotivo
176,177,85,10,777.41,Servidor Torre,Informatica
177,178,113,4,1599.74,Cômoda,Moveis
178,179,156,5,29.44,Carrinho de Mão,Construcao
179,180,149,5,381.99,Fardo de Água,Alimentos
180,181,86,8,1009.61,Rack de Servidor,Informatica
181,182,111,3,1825.67,Rack TV,Moveis
182,183,77,8,1615.39,Banco de Musculação,Esportes
183,184,101,5,1797.81,Secadora de Roupas,Eletrodomesticos
184,185,156,10,1516.67,Carrinho de Mão,Construcao
185,186,115,6,1391.24,Cama Casal,Moveis
186,187,109,10,1719.48,Sofá 3 Lugares,Moveis
187,188,76,10,910.95,Esteira Ergométrica,Esportes
188,189,101,6,1385.42,Secadora de Roupas,Eletrodomesticos
189,190,113,1,1781.84,Cômoda,Moveis
190,191,125,4,1640.95,Cama Elástica,Brinquedos
191,192,139,7,1130.89,Casinha para Cachorro,Pet Shop
192,193,116,5,535.27,Colchão Queen,Moveis
193,194,109,2,692.74,Sofá 3 Lugares,Moveis
194,195,125,5,1312.55,Cama Elástica,Brinquedos
195,196,77,8,833.19,Banco de Musculação,Esportes
196,197,112,6,1327.95,Painel para TV,Moveis
197,198,139,3,38.86,Casinha para Cachorro,Pet Shop
198,199,131,5,844.44,Pneu Aro 15,Automotivo
199,200,109,2,1921.19,Sofá 3 Lugares,Moveis
200,201,96,6,1519.31,Ar Condicionado,Eletrodomesticos
201,202,125,6,988.24,Cama Elástica,Brinquedos
202,203,110,5,1053.0,Mesa de Jantar,Moveis
203,204,108,9,1097.6,Sofá 2 Lugares,Moveis
204,205,96,4,1125.05,Ar Condicionado,Eletrodomesticos
205,206,97,4,557.72,Geladeira,Eletrodomesticos
206,207,101,3,1632.09,Secadora de Roupas,Eletrodomesticos
207,208,107,4,669.92,Guarda-Roupa,Moveis
208,209,96,5,790.29,Ar Condicionado,Eletrodomesticos
209,210,97,9,731.47,Geladeira,Eletrodomesticos
210,211,77,5,410.53,Banco de Musculação,Esportes
211,212,114,1,416.24,Beliche,Moveis
212,213,125,5,1964.68,Cama Elástica,Brinquedos
213,214,116,6,950.17,Colchão Queen,Moveis
214,215,111,9,157.77,Rack TV,Moveis
215,216,139,10,996.23,Casinha para Cachorro,Pet Shop
216,217,99,5,1562.43,Fogão,Eletrodomesticos
217,218,85,3,1732.89,Servidor Torre,Informatica
218,219,97,8,20.2,Geladeira,Eletrodomesticos
219,220,115,10,1366.95,Cama Casal,Moveis
220,221,155,4,1626.64,Escada,Construcao
221,222,115,5,1355.96,Cama Casal,Moveis
222,223,113,2,1953.18,Cômoda,Moveis
223,224,86,2,109.52,Rack de Servidor,Informatica
224,225,75,5,270.45,Bicicleta Adulto,Esportes
225,226,86,2,265.73,Rack de Servidor,Informatica
226,227,96,2,904.92,Ar Condicionado,Eletrodomesticos
227,228,122,7,286.6,Patinete,Brinquedos
228,229,99,5,675.69,Fogão,Eletrodomesticos
229,230,45,2,1771.05,Mala de Viagem,Vestuario
230,231,96,2,1016.75,Ar Condicionado,Eletrodomesticos
231,232,76,10,1964.22,Esteira Ergométrica,Esportes
232,233,122,7,34.76,Patinete,Brinquedos
233,234,96,3,192.77,Ar Condicionado,Eletrodomesticos
234,235,77,2,1910.9,Banco de Musculação,Esportes
235,236,116,4,878.57,Colchão Queen,Moveis
236,237,107,4,1961.59,Guarda-Roupa,Moveis
237,238,139,3,952.96,Casinha para Cachorro,Pet Shop
238,239,114,3,481.35,Beliche,Moveis
239,240,96,2,1503.27,Ar Condicionado,Eletrodomesticos
240,241,110,5,1800.51,Mesa de Jantar,Moveis
241,242,96,3,662.53,Ar Condicionado,Eletrodomesticos
242,243,112,4,1234.05,Painel para TV,Moveis
243,244,97,9,1637.96,Geladeira,Eletrodomesticos
244,245,86,2,1194.1,Rack de Servidor,Informatica
245,246,96,10,1413.54,Ar Condicionado,Eletrodomesticos
246,247,86,7,1809.78,Rack de Servidor,Informatica
247,248,97,8,971.03,Geladeira,Eletrodomesticos
248,249,102,7,828.94,Cadeira Gamer,Moveis
249,250,96,1,749.32,Ar Condicionado,Eletrodomesticos
250,251,155,2,715.12,Escada,Construcao
251,252,115,4,1779.93,Cama Casal,Moveis
252,253,155,8,1280.17,Escada,Construcao
253,254,125,5,1361.98,Cama Elástica,Brinquedos
254,255,113,1,742.69,Cômoda,Moveis
255,256,76,6,1840.42,Esteira Ergométrica,Esportes
256,257,76,1,1477.47,Esteira Ergométrica,Esportes
257,258,100,10,928.95,Máquina de Lavar,Eletrodomesticos
258,259,75,1,994.76,Bicicleta Adulto,Esportes
259,260,96,7,1585.95,Ar Condicionado,Eletrodomesticos
260,261,85,1,1563.15,Servidor Torre,Informatica
261,262,100,8,1069.81,Máquina de Lavar,Eletrodomesticos
262,263,114,6,1474.04,Beliche,Moveis
263,264,139,4,834.71,Casinha para Cachorro,Pet Shop
264,265,110,1,789.73,Mesa de Jantar,Moveis
265,266,86,4,1894.61,Rack de Servidor,Informatica
266,267,109,3,1915.02,Sofá 3 Lugares,Moveis
267,268,108,10,407.36,Sofá 2 Lugares,Moveis
268,269,76,1,151.37,Esteira Ergométrica,Esportes
269,270,80,10,1687.65,CPU Gamer,Informatica
270,271,156,3,676.08,Carrinho de Mão,Construcao
271,272,116,1,1080.49,Colchão Queen,Moveis
272,273,110,7,726.74,Mesa de Jantar,Moveis
273,274,101,1,1609.98,Secadora de Roupas,Eletrodomesticos
274,275,107,4,1082.29,Guarda-Roupa,Moveis
275,276,77,4,1507.76,Banco de Musculação,Esportes
276,277,116,10,1392.59,Colchão Queen,Moveis
277,278,100,2,1163.95,Máquina de Lavar,Eletrodomesticos
278,279,108,8,1814.49,Sofá 2 Lugares,Moveis
279,280,112,7,292.28,Painel para TV,Moveis
280,281,113,7,1255.16,Cômoda,Moveis
281,282,116,4,1112.67,Colchão Queen,Moveis
282,283,99,7,1422.71,Fogão,Eletrodomesticos
283,284,107,9,1803.16,Guarda-Roupa,Moveis
284,285,108,1,345.21,Sofá 2 Lugares,Moveis
285,286,155,2,508.67,Escada,Construcao
286,287,110,1,1298.67,Mesa de Jantar,Moveis
287,288,98,4,1985.6,Freezer Horizontal,Eletrodomesticos
288,289,96,3,329.51,Ar Condicionado,Eletrodomesticos
289,290,98,7,723.06,Freezer Horizontal,Eletrodomesticos
290,291,114,6,859.78,Beliche,Moveis
291,292,76,1,40.87,Esteira Ergométrica,Esportes
292,293,108,3,461.0,Sofá 2 Lugares,Moveis
293,294,155,3,59.65,Escada,Construcao
294,295,101,3,197.62,Secadora de Roupas,Eletrodomesticos
295,296,107,9,649.97,Guarda-Roupa,Moveis
296,297,75,9,1253.0,Bicicleta Adulto,Esportes
297,298,130,8,1535.76,Bateria Automotiva,Automotivo
298,299,113,3,286.9,Cômoda,Moveis
299,300,111,9,1556.32,Rack TV,Moveis
300,301,116,9,236.54,Colchão Queen,Moveis
301,302,76,9,708.23,Esteira Ergométrica,Esportes
302,303,113,8,1276.58,Cômoda,Moveis
303,304,73,8,1937.74,Patins,Esportes
304,305,76,4,439.46,Esteira Ergométrica,Esportes
305,306,116,7,1217.53,Colchão Queen,Moveis
306,307,116,3,1693.82,Colchão Queen,Moveis
307,308,125,8,1331.57,Cama Elástica,Brinquedos
308,309,107,10,278.86,Guarda-Roupa,Moveis
309,310,112,6,451.44,Painel para TV,Moveis
310,311,114,8,37.05,Beliche,Moveis
311,312,115,3,119.56,Cama Casal,Moveis
312,313,125,7,1075.89,Cama Elástica,Brinquedos
313,314,54,5,108.58,Secador de Cabelo,Beleza
314,315,130,8,1002.27,Bateria Automotiva,Automotivo
315,316,112,7,1299.13,Painel para TV,Moveis
316,317,85,3,1731.24,Servidor Torre,Informatica
317,318,85,5,1670.61,Servidor Torre,Informatica
318,319,110,4,656.42,Mesa de Jantar,Moveis
319,320,116,7,754.4,Colchão Queen,Moveis
320,321,98,3,158.92,Freezer Horizontal,Eletrodomesticos
321,322,96,10,112.43,Ar Condicionado,Eletrodomesticos
322,323,78,3,618.24,"Monitor 24""",Informatica
323,324,116,7,872.19,Colchão Queen,Moveis
324,325,156,8,21.99,Carrinho de Mão,Construcao
325,326,101,5,1680.76,Secadora de Roupas,Eletrodomesticos
326,327,77,8,358.6,Banco de Musculação,Esportes
327,328,125,8,1216.34,Cama Elástica,Brinquedos
328,329,85,1,1139.62,Servidor Torre,Informatica
329,330,88,6,1528.99,Forno Elétrico,Eletrodomesticos
330,331,86,10,689.57,Rack de Servidor,Informatica
331,332,155,8,433.29,Escada,Construcao
332,333,98,3,587.73,Freezer Horizontal,Eletrodomesticos
333,334,75,4,243.21,Bicicleta Adulto,Esportes
334,335,97,5,1552.71,Geladeira,Eletrodomesticos
335,336,125,6,308.8,Cama Elástica,Brinquedos
336,337,97,9,1776.31,Geladeira,Eletrodomesticos
337,338,97,6,1803.29,Geladeira,Eletrodomesticos
338,339,113,9,1431.29,Cômoda,Moveis
339,340,101,8,1366.52,Secadora de Roupas,Eletrodomesticos
340,341,110,9,1001.96,Mesa de Jantar,Moveis
341,342,138,10,1043.95,Areia para Gatos,Pet Shop
342,343,78,4,1495.01,"Monitor 24""",Informatica
343,344,85,6,832.41,Servidor Torre,Informatica
344,345,116,10,1388.17,Colchão Queen,Moveis
345,346,86,2,633.28,Rack de Servidor,Informatica
346,347,116,4,255.22,Colchão Queen,Moveis
347,348,111,1,747.44,Rack TV,Moveis
348,349,108,9,28.43,Sofá 2 Lugares,Moveis
349,350,111,6,969.86,Rack TV,Moveis
350,351,113,1,162.93,Cômoda,Moveis
351,352,75,5,1710.16,Bicicleta Adulto,Esportes
352,353,112,2,366.03,Painel para TV,Moveis
353,354,108,7,813.17,Sofá 2 Lugares,Moveis
354,355,86,2,1003.17,Rack de Servidor,Informatica
355,356,116,2,838.02,Colchão Queen,Moveis
356,357,113,9,1427.03,Cômoda,Moveis
357,358,114,7,765.44,Beliche,Moveis
358,359,96,10,440.37,Ar Condicionado,Eletrodomesticos
359,360,85,1,94.75,Servidor Torre,Informatica
360,361,114,6,324.76,Beliche,Moveis
361,362,98,10,342.13,Freezer Horizontal,Eletrodomesticos
362,363,99,10,1146.09,Fogão,Eletrodomesticos
363,364,100,4,1108.52,Máquina de Lavar,Eletrodomesticos
364,365,109,9,1099.34,Sofá 3 Lugares,Moveis
365,366,76,1,1137.05,Esteira Ergométrica,Esportes
366,367,100,2,384.77,Máquina de Lavar,Eletrodomesticos
367,368,125,9,1707.04,Cama Elástica,Brinquedos
368,369,125,3,810.78,Cama Elástica,Brinquedos
369,370,97,10,1232.14,Geladeira,Eletrodomesticos
370,371,96,10,792.48,Ar Condicionado,Eletrodomesticos
371,372,95,7,729.83,Ventilador,Eletrodomesticos
372,373,109,5,1854.45,Sofá 3 Lugares,Moveis
373,374,116,7,1527.51,Colchão Queen,Moveis
374,375,94,6,1938.81,Aspirador de Pó,Eletrodomesticos
375,376,122,10,510.47,Patinete,Brinquedos
376,377,74,9,390.56,Bicicleta Infantil,Esportes
377,378,125,6,549.89,Cama Elástica,Brinquedos
378,379,125,6,1356.77,Cama Elástica,Brinquedos
379,380,110,2,1736.8,Mesa de Jantar,Moveis
380,381,111,4,1582.96,Rack TV,Moveis
381,382,109,3,1955.95,Sofá 3 Lugares,Moveis
382,383,156,8,386.4,Carrinho de Mão,Construcao
383,384,75,7,1773.88,Bicicleta Adulto,Esportes
384,385,75,1,666.15,Bicicleta Adulto,Esportes
385,386,76,3,874.62,Esteira Ergométrica,Esportes
386,387,84,9,347.08,Switch de Rede,Informatica
387,388,156,7,1717.11,Carrinho de Mão,Construcao
388,389,125,10,435.48,Cama Elástica,Brinquedos
389,390,110,1,532.83,Mesa de Jantar,Moveis
390,391,155,7,1404.88,Escada,Construcao
391,392,110,5,297.42,Mesa de Jantar,Moveis
392,393,101,7,484.38,Secadora de Roupas,Eletrodomesticos
393,394,77,2,1094.67,Banco de Musculação,Esportes
394,395,100,8,1454.3,Máquina de Lavar,Eletrodomesticos
395,396,86,2,764.1,Rack de Servidor,Informatica
396,397,85,2,1784.91,Servidor Torre,Informatica
397,398,111,6,1868.49,Rack TV,Moveis
398,399,155,4,118.22,Escada,Construcao
399,400,139,6,194.8,Casinha para Cachorro,Pet Shop
400,401,155,4,1276.44,Escada,Construcao
401,402,77,9,860.58,Banco de Musculação,Esportes
402,403,115,4,603.14,Cama Casal,Moveis
403,404,108,3,1843.06,Sofá 2 Lugares,Moveis
404,405,55,7,683.53,Chapinha,Beleza
405,406,97,6,1479.78,Geladeira,Eletrodomesticos
406,407,125,7,1688.63,Cama Elástica,Brinquedos
407,408,112,6,1757.51,Painel para TV,Moveis
408,409,111,6,1097.32,Rack TV,Moveis
409,410,107,7,1393.54,Guarda-Roupa,Moveis
410,411,77,6,756.13,Banco de Musculação,Esportes
411,412,139,8,1763.22,Casinha para Cachorro,Pet Shop
412,413,113,1,1558.99,Cômoda,Moveis
413,414,108,9,1025.64,Sofá 2 Lugares,Moveis
414,415,113,10,1424.45,Cômoda,Moveis
415,416,114,9,1740.25,Beliche,Moveis
416,417,85,2,1700.53,Servidor Torre,Informatica
417,418,96,6,192.2,Ar Condicionado,Eletrodomesticos
418,419,86,4,1644.86,Rack de Servidor,Informatica
419,420,108,4,614.02,Sofá 2 Lugares,Moveis
420,421,101,4,845.16,Secadora de Roupas,Eletrodomesticos
421,422,114,1,1720.5,Beliche,Moveis
422,423,156,1,1185.05,Carrinho de Mão,Construcao
423,424,156,8,1813.7,Carrinho de Mão,Construcao
424,425,98,3,430.54,Freezer Horizontal,Eletrodomesticos
425,426,97,8,889.92,Geladeira,Eletrodomesticos
426,427,156,8,1542.57,Carrinho de Mão,Construcao
427,428,76,1,1961.33,Esteira Ergométrica,Esportes
428,429,85,5,1883.46,Servidor Torre,Informatica
429,430,77,3,1293.92,Banco de Musculação,Esportes
430,431,100,2,1449.65,Máquina de Lavar,Eletrodomesticos
431,432,107,1,92.53,Guarda-Roupa,Moveis
432,433,133,10,599.27,Escapamento,Automotivo
433,434,152,8,1047.76,Caixa de Ferramentas,Construcao
434,435,97,1,1716.19,Geladeira,Eletrodomesticos
435,436,114,4,744.87,Beliche,Moveis
436,437,98,2,1155.74,Freezer Horizontal,Eletrodomesticos
437,438,114,3,397.54,Beliche,Moveis
438,439,113,2,1275.02,Cômoda,Moveis
439,440,114,1,611.38,Beliche,Moveis
440,441,99,7,280.25,Fogão,Eletrodomesticos
441,442,108,5,1253.43,Sofá 2 Lugares,Moveis
442,443,125,5,552.78,Cama Elástica,Brinquedos
443,444,98,6,996.47,Freezer Horizontal,Eletrodomesticos
444,445,112,9,100.1,Painel para TV,Moveis
445,446,109,10,624.42,Sofá 3 Lugares,Moveis
446,447,109,6,1990.98,Sofá 3 Lugares,Moveis
447,448,114,4,116.86,Beliche,Moveis
448,449,115,6,949.94,Cama Casal,Moveis
449,450,77,1,1820.26,Banco de Musculação,Esportes
450,451,77,4,1876.96,Banco de Musculação,Esportes
451,452,154,8,1730.94,Serra Circular,Construcao
452,453,75,7,1249.51,Bicicleta Adulto,Esportes
453,454,125,3,479.99,Cama Elástica,Brinquedos
454,455,98,6,623.53,Freezer Horizontal,Eletrodomesticos
455,456,125,4,677.26,Cama Elástica,Brinquedos
456,457,75,5,1286.11,Bicicleta Adulto,Esportes
457,458,77,8,492.36,Banco de Musculação,Esportes
458,459,116,2,369.37,Colchão Queen,Moveis
459,460,113,5,1157.51,Cômoda,Moveis
460,461,108,1,903.8,Sofá 2 Lugares,Moveis
461,462,84,9,1018.29,Switch de Rede,Informatica
462,463,86,10,1061.46,Rack de Servidor,Informatica
463,464,107,7,692.98,Guarda-Roupa,Moveis
464,465,100,7,1380.01,Máquina de Lavar,Eletrodomesticos
465,466,76,2,770.4,Esteira Ergométrica,Esportes
466,467,129,8,592.89,Palheta Limpador,Automotivo
467,468,85,3,1812.57,Servidor Torre,Informatica
468,469,108,7,400.79,Sofá 2 Lugares,Moveis
469,470,111,1,1081.58,Rack TV,Moveis
470,471,99,9,501.05,Fogão,Eletrodomesticos
471,472,156,6,24.64,Carrinho de Mão,Construcao
472,473,75,1,1781.9,Bicicleta Adulto,Esportes
473,474,96,8,1212.51,Ar Condicionado,Eletrodomesticos
474,475,100,1,806.11,Máquina de Lavar,Eletrodomesticos
475,476,77,6,1265.05,Banco de Musculação,Esportes
476,477,101,6,1604.0,Secadora de Roupas,Eletrodomesticos
477,478,113,4,920.79,Cômoda,Moveis
478,479,75,9,1570.71,Bicicleta Adulto,Esportes
479,480,111,6,1974.5,Rack TV,Moveis
480,481,100,7,369.49,Máquina de Lavar,Eletrodomesticos
481,482,125,8,349.43,Cama Elástica,Brinquedos
482,483,156,4,1023.44,Carrinho de Mão,Construcao
483,484,96,3,143.46,Ar Condicionado,Eletrodomesticos
484,485,76,6,293.05,Esteira Ergométrica,Esportes
485,486,101,2,990.11,Secadora de Roupas,Eletrodomesticos
486,487,151,4,1980.58,Parafusadeira,Construcao
487,488,85,5,959.6,Servidor Torre,Informatica
488,489,74,9,133.76,Bicicleta Infantil,Esportes
489,490,99,2,508.93,Fogão,Eletrodomesticos
490,491,86,1,711.09,Rack de Servidor,Informatica
491,492,108,8,61.73,Sofá 2 Lugares,Moveis
492,493,101,3,1607.9,Secadora de Roupas,Eletrodomesticos
493,494,99,6,282.73,Fogão,Eletrodomesticos
494,495,156,8,486.69,Carrinho de Mão,Construcao
495,496,111,9,41.83,Rack TV,Moveis
496,497,97,6,773.59,Geladeira,Eletrodomesticos
497,498,77,9,1087.41,Banco de Musculação,Esportes
498,499,97,1,805.89,Geladeira,Eletrodomesticos
499,500,155,3,1711.66,Escada,Construcao
500,501,115,6,832.97,Cama Casal,Moveis
501,502,76,3,181.22,Esteira Ergométrica,Esportes
502,503,75,2,1390.67,Bicicleta Adulto,Esportes
503,504,100,6,553.04,Máquina de Lavar,Eletrodomesticos
504,505,98,10,1868.08,Freezer Horizontal,Eletrodomesticos
505,506,155,2,1872.16,Escada,Construcao
506,507,115,5,108.7,Cama Casal,Moveis
507,508,97,2,53.4,Geladeira,Eletrodomesticos
508,509,98,8,761.68,Freezer Horizontal,Eletrodomesticos
509,510,55,9,289.86,Chapinha,Beleza
510,511,85,5,898.7,Servidor Torre,Informatica
511,512,54,5,1495.72,Secador de Cabelo,Beleza
512,513,110,4,296.28,Mesa de Jantar,Moveis
513,514,87,4,1718.06,Micro-ondas,Eletrodomesticos
514,515,75,1,39.5,Bicicleta Adulto,Esportes
515,516,97,6,831.57,Geladeira,Eletrodomesticos
516,517,108,5,1005.46,Sofá 2 Lugares,Moveis
517,518,113,1,1574.26,Cômoda,Moveis
518,519,73,10,936.88,Patins,Esportes
519,520,111,10,949.13,Rack TV,Moveis
520,521,97,1,153.8,Geladeira,Eletrodomesticos
521,522,130,3,809.4,Bateria Automotiva,Automotivo
522,523,75,8,778.76,Bicicleta Adulto,Esportes
523,524,156,8,1045.19,Carrinho de Mão,Construcao
524,525,125,3,1080.01,Cama Elástica,Brinquedos
525,526,155,6,1097.62,Escada,Construcao
526,527,152,4,824.16,Caixa de Ferramentas,Construcao
527,528,156,5,1705.19,Carrinho de Mão,Construcao
528,529,116,3,313.13,Colchão Queen,Moveis
529,530,96,1,248.07,Ar Condicionado,Eletrodomesticos
530,531,98,5,730.67,Freezer Horizontal,Eletrodomesticos
531,532,101,9,1015.44,Secadora de Roupas,Eletrodomesticos
532,533,125,6,773.78,Cama Elástica,Brinquedos
533,534,97,10,284.66,Geladeira,Eletrodomesticos
534,535,108,3,575.4,Sofá 2 Lugares,Moveis
535,536,107,1,296.51,Guarda-Roupa,Moveis
536,537,97,3,1660.67,Geladeira,Eletrodomesticos
537,538,153,7,459.57,Martelo,Construcao
538,539,155,7,669.79,Escada,Construcao
539,540,156,4,1443.29,Carrinho de Mão,Construcao
540,541,116,3,507.12,Colchão Queen,Moveis
541,542,104,5,1869.6,Mesa Escritório,Moveis
542,543,116,3,1456.61,Colchão Queen,Moveis
543,544,156,6,949.65,Carrinho de Mão,Construcao
544,545,108,2,888.55,Sofá 2 Lugares,Moveis
545,546,111,1,354.15,Rack TV,Moveis
546,547,75,9,788.9,Bicicleta Adulto,Esportes
547,548,106,10,250.27,Estante,Moveis
548,549,109,8,131.18,Sofá 3 Lugares,Moveis
549,550,101,7,420.5,Secadora de Roupas,Eletrodomesticos
550,551,96,5,1303.66,Ar Condicionado,Eletrodomesticos
551,552,96,10,998.19,Ar Condicionado,Eletrodomesticos
552,553,89,8,934.45,Air Fryer,Eletrodomesticos
553,554,111,3,912.49,Rack TV,Moveis
554,555,97,2,1124.38,Geladeira,Eletrodomesticos
555,556,100,4,782.77,Máquina de Lavar,Eletrodomesticos
556,557,148,8,1992.66,Fardo de Refrigerante,Alimentos
557,558,101,5,1172.98,Secadora de Roupas,Eletrodomesticos
558,559,75,2,1303.58,Bicicleta Adulto,Esportes
559,560,103,7,296.31,Cadeira Escritório,Moveis
560,561,100,7,1170.88,Máquina de Lavar,Eletrodomesticos
561,562,85,9,965.48,Servidor Torre,Informatica
562,563,101,7,1922.05,Secadora de Roupas,Eletrodomesticos
563,564,139,8,587.87,Casinha para Cachorro,Pet Shop
564,565,107,3,666.76,Guarda-Roupa,Moveis
565,566,111,6,1622.34,Rack TV,Moveis
566,567,99,4,450.57,Fogão,Eletrodomesticos
567,568,99,9,500.3,Fogão,Eletrodomesticos
568,569,109,10,1366.86,Sofá 3 Lugares,Moveis
569,570,114,5,920.91,Beliche,Moveis
570,571,111,5,1023.81,Rack TV,Moveis
571,572,113,6,36.14,Cômoda,Moveis
572,573,97,4,1713.51,Geladeira,Eletrodomesticos
573,574,96,6,117.62,Ar Condicionado,Eletrodomesticos
574,575,116,2,1805.47,Colchão Queen,Moveis
575,576,97,9,1186.75,Geladeira,Eletrodomesticos
576,577,75,2,1061.36,Bicicleta Adulto,Esportes
577,578,108,1,419.49,Sofá 2 Lugares,Moveis
578,579,115,6,1886.29,Cama Casal,Moveis
579,580,110,5,535.77,Mesa de Jantar,Moveis
580,581,8,8,1799.7,HD Externo,Eletronicos
581,582,115,4,1855.74,Cama Casal,Moveis
582,583,139,10,1942.59,Casinha para Cachorro,Pet Shop
583,584,109,1,1365.48,Sofá 3 Lugares,Moveis
584,585,96,4,1944.6,Ar Condicionado,Eletrodomesticos
585,586,75,2,1355.91,Bicicleta Adulto,Esportes
586,587,98,7,1219.82,Freezer Horizontal,Eletrodomesticos
587,588,113,1,558.88,Cômoda,Moveis
588,589,108,8,683.23,Sofá 2 Lugares,Moveis
589,590,96,5,1800.26,Ar Condicionado,Eletrodomesticos
590,591,139,8,1010.6,Casinha para Cachorro,Pet Shop
591,592,116,6,1835.56,Colchão Queen,Moveis
592,593,156,4,1481.81,Carrinho de Mão,Construcao
593,594,76,10,1398.04,Esteira Ergométrica,Esportes
594,595,116,9,628.19,Colchão Queen,Moveis
595,596,3,9,157.36,Tablet,Eletronicos
596,597,156,6,1280.64,Carrinho de Mão,Construcao
597,598,114,5,483.77,Beliche,Moveis
598,599,150,9,576.55,Furadeira,Construcao
599,600,76,7,709.97,Esteira Ergométrica,Esportes
600,601,85,10,648.6,Servidor Torre,Informatica
601,602,155,4,629.33,Escada,Construcao
602,603,98,10,165.85,Freezer Horizontal,Eletrodomesticos
603,604,114,3,968.21,Beliche,Moveis
604,605,112,6,1685.13,Painel para TV,Moveis
605,606,109,2,458.81,Sofá 3 Lugares,Moveis
606,607,139,5,1179.82,Casinha para Cachorro,Pet Shop
607,608,116,4,1653.61,Colchão Queen,Moveis
608,609,111,7,1413.98,Rack TV,Moveis
609,610,116,5,1371.62,Colchão Queen,Moveis
610,611,155,8,1277.67,Escada,Construcao
611,612,116,9,632.31,Colchão Queen,Moveis
612,613,109,8,861.74,Sofá 3 Lugares,Moveis
613,614,139,2,792.24,Casinha para Cachorro,Pet Shop
614,615,116,2,581.66,Colchão Queen,Moveis
615,616,75,1,1406.64,Bicicleta Adulto,Esportes
616,617,77,1,286.81,Banco de Musculação,Esportes
617,618,85,5,1977.22,Servidor Torre,Informatica
618,619,72,9,1753.93,Skate,Esportes
619,620,108,9,1066.01,Sofá 2 Lugares,Moveis
620,621,96,10,598.41,Ar Condicionado,Eletrodomesticos
621,622,112,9,36.59,Painel para TV,Moveis
622,623,111,2,99.47,Rack TV,Moveis
623,624,156,1,408.12,Carrinho de Mão,Construcao
624,625,122,8,768.13,Patinete,Brinquedos
625,626,69,9,1888.42,Corda de Pular,Esportes
626,627,113,5,532.47,Cômoda,Moveis
627,628,99,6,309.76,Fogão,Eletrodomesticos
628,629,116,5,1130.49,Colchão Queen,Moveis
629,630,111,6,1661.1,Rack TV,Moveis
630,631,99,2,1474.08,Fogão,Eletrodomesticos
631,632,156,10,29.01,Carrinho de Mão,Construcao
632,633,98,4,1533.19,Freezer Horizontal,Eletrodomesticos
633,634,114,6,161.81,Beliche,Moveis
634,635,155,2,1653.02,Escada,Construcao
635,636,107,4,1014.35,Guarda-Roupa,Moveis
636,637,96,7,1434.12,Ar Condicionado,Eletrodomesticos
637,638,98,9,1363.25,Freezer Horizontal,Eletrodomesticos
638,639,139,1,163.31,Casinha para Cachorro,Pet Shop
639,640,107,3,899.1,Guarda-Roupa,Moveis
640,641,106,6,1648.54,Estante,Moveis
641,642,77,3,1343.28,Banco de Musculação,Esportes
642,643,156,2,1282.8,Carrinho de Mão,Construcao
643,644,139,10,1125.84,Casinha para Cachorro,Pet Shop
644,645,156,3,1205.39,Carrinho de Mão,Construcao
645,646,125,7,1124.58,Cama Elástica,Brinquedos
646,647,101,7,304.43,Secadora de Roupas,Eletrodomesticos
647,648,112,2,179.29,Painel para TV,Moveis
648,649,109,7,1757.91,Sofá 3 Lugares,Moveis
649,650,87,6,895.39,Micro-ondas,Eletrodomesticos
650,651,107,4,1258.01,Guarda-Roupa,Moveis
651,652,156,6,305.2,Carrinho de Mão,Construcao
652,653,105,10,197.27,Mesa Gamer,Moveis
653,654,108,2,988.37,Sofá 2 Lugares,Moveis
654,655,74,8,1325.74,Bicicleta Infantil,Esportes
655,656,76,9,1306.4,Esteira Ergométrica,Esportes
656,657,110,10,1156.16,Mesa de Jantar,Moveis
657,658,156,1,235.19,Carrinho de Mão,Construcao
658,659,99,2,969.79,Fogão,Eletrodomesticos
659,660,77,6,684.09,Banco de Musculação,Esportes
660,661,109,5,573.8,Sofá 3 Lugares,Moveis
661,662,111,4,1822.9,Rack TV,Moveis
662,663,85,4,1241.61,Servidor Torre,Informatica
663,664,100,5,720.6,Máquina de Lavar,Eletrodomesticos
664,665,62,4,432.96,Nebulizador,Saude
665,666,111,8,1841.22,Rack TV,Moveis
666,667,98,4,249.23,Freezer Horizontal,Eletrodomesticos
667,668,139,4,203.26,Casinha para Cachorro,Pet Shop
668,669,76,1,21.97,Esteira Ergométrica,Esportes
669,670,114,5,1268.42,Beliche,Moveis
670,671,115,6,501.02,Cama Casal,Moveis
671,672,115,10,1274.57,Cama Casal,Moveis
672,673,96,4,1259.49,Ar Condicionado,Eletrodomesticos
673,674,74,10,326.78,Bicicleta Infantil,Esportes
674,675,112,5,330.16,Painel para TV,Moveis
675,676,75,10,44.26,Bicicleta Adulto,Esportes
676,677,125,7,1168.4,Cama Elástica,Brinquedos
677,678,97,9,1959.55,Geladeira,Eletrodomesticos
678,679,107,6,374.4,Guarda-Roupa,Moveis
679,680,150,9,1093.19,Furadeira,Construcao
680,681,115,3,1401.43,Cama Casal,Moveis
681,682,125,4,555.68,Cama Elástica,Brinquedos
682,683,101,9,1557.52,Secadora de Roupas,Eletrodomesticos
683,684,116,4,1281.13,Colchão Queen,Moveis
684,685,85,9,1095.35,Servidor Torre,Informatica
685,686,115,3,1869.01,Cama Casal,Moveis
686,687,110,7,197.62,Mesa de Jantar,Moveis
687,688,100,1,590.52,Máquina de Lavar,Eletrodomesticos
688,689,55,9,1396.52,Chapinha,Beleza
689,690,125,1,347.23,Cama Elástica,Brinquedos
690,691,140,10,1561.33,Arroz 5kg,Alimentos
691,692,101,1,712.77,Secadora de Roupas,Eletrodomesticos
692,693,109,1,832.27,Sofá 3 Lugares,Moveis
693,694,125,10,711.35,Cama Elástica,Brinquedos
694,695,113,1,1856.6,Cômoda,Moveis
695,696,98,9,134.64,Freezer Horizontal,Eletrodomesticos
696,697,76,1,1490.19,Esteira Ergométrica,Esportes
697,698,75,3,1014.89,Bicicleta Adulto,Esportes
698,699,125,1,1978.7,Cama Elástica,Brinquedos
699,700,107,6,333.49,Guarda-Roupa,Moveis
700,701,116,2,934.52,Colchão Queen,Moveis
701,702,109,6,1824.56,Sofá 3 Lugares,Moveis
702,703,113,9,477.35,Cômoda,Moveis
703,704,139,4,1711.1,Casinha para Cachorro,Pet Shop
704,705,125,8,629.46,Cama Elástica,Brinquedos
705,706,111,4,937.0,Rack TV,Moveis
706,707,75,4,199.47,Bicicleta Adulto,Esportes
707,708,85,9,775.37,Servidor Torre,Informatica
708,709,156,3,799.76,Carrinho de Mão,Construcao
709,710,85,10,422.08,Servidor Torre,Informatica
710,711,122,4,526.51,Patinete,Brinquedos
711,712,101,8,1758.96,Secadora de Roupas,Eletrodomesticos
712,713,77,4,281.79,Banco de Musculação,Esportes
713,714,125,1,147.41,Cama Elástica,Brinquedos
714,715,108,2,1136.09,Sofá 2 Lugares,Moveis
715,716,116,4,142.99,Colchão Queen,Moveis
716,717,149,4,1220.22,Fardo de Água,Alimentos
717,718,125,8,1890.19,Cama Elástica,Brinquedos
718,719,97,8,1781.76,Geladeira,Eletrodomesticos
719,720,100,2,1456.7,Máquina de Lavar,Eletrodomesticos
720,721,76,3,323.69,Esteira Ergométrica,Esportes
721,722,115,9,1889.06,Cama Casal,Moveis
722,723,77,3,950.16,Banco de Musculação,Esportes
723,724,86,10,1283.08,Rack de Servidor,Informatica
724,725,77,1,1864.15,Banco de Musculação,Esportes
725,726,110,6,772.7,Mesa de Jantar,Moveis
726,727,156,6,324.95,Carrinho de Mão,Construcao
727,728,100,3,1687.6,Máquina de Lavar,Eletrodomesticos
728,729,109,2,1914.03,Sofá 3 Lugares,Moveis
729,730,112,7,537.11,Painel para TV,Moveis
730,731,107,4,1432.69,Guarda-Roupa,Moveis
731,732,110,6,1852.81,Mesa de Jantar,Moveis
732,733,76,1,1357.22,Esteira Ergométrica,Esportes
733,734,101,1,546.44,Secadora de Roupas,Eletrodomesticos
734,735,113,4,1707.15,Cômoda,Moveis
735,736,85,1,785.33,Servidor Torre,Informatica
736,737,85,1,1155.9,Servidor Torre,Informatica
737,738,95,8,1826.73,Ventilador,Eletrodomesticos
738,739,139,10,460.34,Casinha para Cachorro,Pet Shop
739,740,97,4,1123.63,Geladeira,Eletrodomesticos
740,741,86,6,1040.49,Rack de Servidor,Informatica
741,742,87,6,1785.04,Micro-ondas,Eletrodomesticos
742,743,115,1,1953.25,Cama Casal,Moveis
743,744,75,6,1534.26,Bicicleta Adulto,Esportes
744,745,77,7,824.18,Banco de Musculação,Esportes
745,746,109,2,1261.83,Sofá 3 Lugares,Moveis
746,747,114,1,1806.31,Beliche,Moveis
747,748,77,7,1861.78,Banco de Musculação,Esportes
748,749,75,4,482.57,Bicicleta Adulto,Esportes
749,750,149,4,1359.84,Fardo de Água,Alimentos
750,751,86,10,1769.91,Rack de Servidor,Informatica
751,752,115,6,149.42,Cama Casal,Moveis
752,753,101,6,1566.26,Secadora de Roupas,Eletrodomesticos
753,754,96,7,1815.44,Ar Condicionado,Eletrodomesticos
754,755,110,9,528.08,Mesa de Jantar,Moveis
755,756,111,8,1520.88,Rack TV,Moveis
756,757,112,1,115.88,Painel para TV,Moveis
757,758,114,2,1218.35,Beliche,Moveis
758,759,109,2,1379.68,Sofá 3 Lugares,Moveis
759,760,116,3,1927.53,Colchão Queen,Moveis
760,761,109,5,85.72,Sofá 3 Lugares,Moveis
761,762,85,10,320.22,Servidor Torre,Informatica
762,763,112,5,997.03,Painel para TV,Moveis
763,764,85,2,1336.55,Servidor Torre,Informatica
764,765,96,4,1617.62,Ar Condicionado,Eletrodomesticos
765,766,109,6,738.87,Sofá 3 Lugares,Moveis
766,767,86,4,1657.98,Rack de Servidor,Informatica
767,768,85,8,830.37,Servidor Torre,Informatica
768,769,113,4,1454.55,Cômoda,Moveis
769,770,55,7,734.17,Chapinha,Beleza
770,771,96,7,1038.6,Ar Condicionado,Eletrodomesticos
771,772,108,2,1865.22,Sofá 2 Lugares,Moveis
772,773,75,10,1259.93,Bicicleta Adulto,Esportes
773,774,76,7,1482.49,Esteira Ergométrica,Esportes
774,775,110,9,62.21,Mesa de Jantar,Moveis
775,776,107,6,32.26,Guarda-Roupa,Moveis
776,777,77,5,606.97,Banco de Musculação,Esportes
777,778,108,8,58.97,Sofá 2 Lugares,Moveis
778,779,98,4,1132.2,Freezer Horizontal,Eletrodomesticos
779,780,107,8,735.33,Guarda-Roupa,Moveis
780,781,101,6,1179.85,Secadora de Roupas,Eletrodomesticos
781,782,156,7,1768.81,Carrinho de Mão,Construcao
782,783,76,3,154.26,Esteira Ergométrica,Esportes
783,784,113,7,255.23,Cômoda,Moveis
784,785,101,3,279.2,Secadora de Roupas,Eletrodomesticos
785,786,100,7,582.65,Máquina de Lavar,Eletrodomesticos
786,787,132,7,1519.78,Macaco Hidráulico,Automotivo
787,788,111,3,1918.67,Rack TV,Moveis
788,789,99,10,1225.12,Fogão,Eletrodomesticos
789,790,125,4,806.57,Cama Elástica,Brinquedos
790,791,139,8,1567.92,Casinha para Cachorro,Pet Shop
791,792,113,1,1832.12,Cômoda,Moveis
792,793,85,6,494.6,Servidor Torre,Informatica
793,794,125,8,1906.01,Cama Elástica,Brinquedos
794,795,116,4,217.72,Colchão Queen,Moveis
795,796,98,8,1262.35,Freezer Horizontal,Eletrodomesticos
796,797,152,10,1330.56,Caixa de Ferramentas,Construcao
797,798,75,10,966.59,Bicicleta Adulto,Esportes
798,799,109,1,187.04,Sofá 3 Lugares,Moveis
799,800,99,9,385.9,Fogão,Eletrodomesticos
800,801,50,5,1083.4,Protetor Solar,Beleza
801,802,75,3,1266.48,Bicicleta Adulto,Esportes
802,803,115,10,876.9,Cama Casal,Moveis
803,804,155,1,508.44,Escada,Construcao
804,805,113,7,1243.13,Cômoda,Moveis
805,806,100,3,1204.21,Máquina de Lavar,Eletrodomesticos
806,807,86,10,767.37,Rack de Servidor,Informatica
807,808,102,4,1552.9,Cadeira Gamer,Moveis
808,809,99,3,687.4,Fogão,Eletrodomesticos
809,810,98,3,828.09,Freezer Horizontal,Eletrodomesticos
810,811,114,6,1145.53,Beliche,Moveis
811,812,76,8,592.11,Esteira Ergométrica,Esportes
812,813,125,4,321.58,Cama Elástica,Brinquedos
813,814,76,3,472.09,Esteira Ergométrica,Esportes
814,815,113,7,571.06,Cômoda,Moveis
815,816,113,2,732.78,Cômoda,Moveis
816,817,110,8,986.18,Mesa de Jantar,Moveis
817,818,115,7,1562.12,Cama Casal,Moveis
818,819,77,1,913.04,Banco de Musculação,Esportes
819,820,156,2,1046.13,Carrinho de Mão,Construcao
820,821,139,2,1030.83,Casinha para Cachorro,Pet Shop
821,822,77,7,1596.87,Banco de Musculação,Esportes
822,823,108,8,585.6,Sofá 2 Lugares,Moveis
823,824,114,3,1016.37,Beliche,Moveis
824,825,98,3,1099.16,Freezer Horizontal,Eletrodomesticos
825,826,156,4,865.81,Carrinho de Mão,Construcao
826,827,77,8,1570.46,Banco de Musculação,Esportes
827,828,115,1,355.09,Cama Casal,Moveis
828,829,96,2,1666.25,Ar Condicionado,Eletrodomesticos
829,830,85,9,381.84,Servidor Torre,Informatica
830,831,108,2,1899.47,Sofá 2 Lugares,Moveis
831,832,156,4,1872.3,Carrinho de Mão,Construcao
832,833,85,4,539.04,Servidor Torre,Informatica
833,834,83,9,80.02,Scanner,Informatica
834,835,114,8,1044.07,Beliche,Moveis
835,836,108,7,567.26,Sofá 2 Lugares,Moveis
836,837,107,1,47.17,Guarda-Roupa,Moveis
837,838,110,2,1719.93,Mesa de Jantar,Moveis
838,839,75,4,1770.21,Bicicleta Adulto,Esportes
839,840,100,8,738.69,Máquina de Lavar,Eletrodomesticos
840,841,108,6,456.1,Sofá 2 Lugares,Moveis
841,842,76,3,579.37,Esteira Ergométrica,Esportes
842,843,116,4,139.86,Colchão Queen,Moveis
843,844,100,2,806.77,Máquina de Lavar,Eletrodomesticos
844,845,115,5,906.56,Cama Casal,Moveis
845,846,85,5,535.76,Servidor Torre,Informatica
846,847,85,5,1306.83,Servidor Torre,Informatica
847,848,156,7,1979.5,Carrinho de Mão,Construcao
848,849,108,9,284.22,Sofá 2 Lugares,Moveis
849,850,85,2,973.75,Servidor Torre,Informatica
850,851,125,3,1927.0,Cama Elástica,Brinquedos
851,852,108,6,1156.56,Sofá 2 Lugares,Moveis
852,853,99,10,1810.37,Fogão,Eletrodomesticos
853,854,99,5,1298.95,Fogão,Eletrodomesticos
854,855,139,10,423.51,Casinha para Cachorro,Pet Shop
855,856,125,5,1067.48,Cama Elástica,Brinquedos
856,857,146,9,1394.94,Leite em Pó,Alimentos
857,858,108,9,666.58,Sofá 2 Lugares,Moveis
858,859,109,2,1821.65,Sofá 3 Lugares,Moveis
859,860,99,8,1538.61,Fogão,Eletrodomesticos
860,861,111,6,969.28,Rack TV,Moveis
861,862,109,10,568.77,Sofá 3 Lugares,Moveis
862,863,97,3,1531.13,Geladeira,Eletrodomesticos
863,864,85,8,169.43,Servidor Torre,Informatica
864,865,86,5,1076.85,Rack de Servidor,Informatica
865,866,100,7,912.25,Máquina de Lavar,Eletrodomesticos
866,867,138,5,582.49,Areia para Gatos,Pet Shop
867,868,98,2,1440.64,Freezer Horizontal,Eletrodomesticos
868,869,113,3,741.63,Cômoda,Moveis
869,870,98,1,1743.57,Freezer Horizontal,Eletrodomesticos
870,871,76,5,1395.25,Esteira Ergométrica,Esportes
871,872,107,7,38.94,Guarda-Roupa,Moveis
872,873,139,3,1524.93,Casinha para Cachorro,Pet Shop
873,874,156,2,282.98,Carrinho de Mão,Construcao
874,875,114,6,729.79,Beliche,Moveis
875,876,87,7,75.53,Micro-ondas,Eletrodomesticos
876,877,107,4,839.62,Guarda-Roupa,Moveis
877,878,108,6,494.35,Sofá 2 Lugares,Moveis
878,879,85,5,445.19,Servidor Torre,Informatica
879,880,115,10,1319.21,Cama Casal,Moveis
880,881,115,4,1531.61,Cama Casal,Moveis
881,882,77,6,1792.14,Banco de Musculação,Esportes
882,883,102,9,1590.79,Cadeira Gamer,Moveis
883,884,115,1,1891.81,Cama Casal,Moveis
884,885,75,4,31.06,Bicicleta Adulto,Esportes
885,886,108,1,134.4,Sofá 2 Lugares,Moveis
886,887,76,1,301.82,Esteira Ergométrica,Esportes
887,888,76,3,586.04,Esteira Ergométrica,Esportes
888,889,85,6,1608.12,Servidor Torre,Informatica
889,890,85,5,1551.2,Servidor Torre,Informatica
890,891,110,6,436.63,Mesa de Jantar,Moveis
891,892,113,8,565.91,Cômoda,Moveis
892,893,116,4,1198.06,Colchão Queen,Moveis
893,894,125,8,530.44,Cama Elástica,Brinquedos
894,895,98,4,989.32,Freezer Horizontal,Eletrodomesticos
895,896,111,10,1812.74,Rack TV,Moveis
896,897,115,6,1982.22,Cama Casal,Moveis
897,898,75,1,601.05,Bicicleta Adulto,Esportes
898,899,109,6,103.14,Sofá 3 Lugares,Moveis
899,900,96,6,1254.25,Ar Condicionado,Eletrodomesticos
900,901,111,6,800.11,Rack TV,Moveis
901,902,111,3,942.8,Rack TV,Moveis
902,903,115,8,1823.89,Cama Casal,Moveis
903,904,113,7,1414.04,Cômoda,Moveis
904,905,86,6,1259.45,Rack de Servidor,Informatica
905,906,155,1,896.27,Escada,Construcao
906,907,109,9,1876.71,Sofá 3 Lugares,Moveis
907,908,78,6,46.5,"Monitor 24""",Informatica
908,909,155,7,1623.55,Escada,Construcao
909,910,85,10,1993.54,Servidor Torre,Informatica
910,911,85,4,1129.04,Servidor Torre,Informatica
911,912,100,4,524.68,Máquina de Lavar,Eletrodomesticos
912,913,139,5,1277.26,Casinha para Cachorro,Pet Shop
913,914,77,5,612.02,Banco de Musculação,Esportes
914,915,139,2,614.76,Casinha para Cachorro,Pet Shop
915,916,97,3,1805.67,Geladeira,Eletrodomesticos
916,917,104,9,176.73,Mesa Escritório,Moveis
917,918,108,8,459.52,Sofá 2 Lugares,Moveis
918,919,112,2,505.09,Painel para TV,Moveis
919,920,111,9,633.38,Rack TV,Moveis
920,921,114,10,967.07,Beliche,Moveis
921,922,109,9,1720.35,Sofá 3 Lugares,Moveis
922,923,111,10,1475.9,Rack TV,Moveis
923,924,99,4,748.6,Fogão,Eletrodomesticos
924,925,114,1,680.76,Beliche,Moveis
925,926,107,1,1713.51,Guarda-Roupa,Moveis
926,927,156,5,712.58,Carrinho de Mão,Construcao
927,928,107,10,475.29,Guarda-Roupa,Moveis
928,929,114,7,544.33,Beliche,Moveis
929,930,99,2,1048.56,Fogão,Eletrodomesticos
930,931,76,7,1834.91,Esteira Ergométrica,Esportes
931,932,114,4,831.31,Beliche,Moveis
932,933,116,6,678.84,Colchão Queen,Moveis
933,934,139,4,582.75,Casinha para Cachorro,Pet Shop
934,935,115,10,1036.61,Cama Casal,Moveis
935,936,86,1,1940.13,Rack de Servidor,Informatica
936,937,155,4,1563.74,Escada,Construcao
937,938,99,3,781.41,Fogão,Eletrodomesticos
938,939,97,8,1176.27,Geladeira,Eletrodomesticos
939,940,156,6,470.85,Carrinho de Mão,Construcao
940,941,86,2,1684.64,Rack de Servidor,Informatica
941,942,97,1,613.34,Geladeira,Eletrodomesticos
942,943,85,5,719.74,Servidor Torre,Informatica
943,944,100,6,1361.91,Máquina de Lavar,Eletrodomesticos
944,945,86,1,309.45,Rack de Servidor,Informatica
945,946,116,1,1976.07,Colchão Queen,Moveis
946,947,75,3,207.09,Bicicleta Adulto,Esportes
947,948,155,5,618.11,Escada,Construcao
948,949,97,9,366.12,Geladeira,Eletrodomesticos
949,950,100,6,1447.08,Máquina de Lavar,Eletrodomesticos
950,951,108,6,864.26,Sofá 2 Lugares,Moveis
951,952,112,7,263.56,Painel para TV,Moveis
952,953,97,10,940.69,Geladeira,Eletrodomesticos
953,954,98,1,216.55,Freezer Horizontal,Eletrodomesticos
954,955,82,6,1010.56,Impressora,Informatica
955,956,97,7,221.42,Geladeira,Eletrodomesticos
956,957,108,1,1391.84,Sofá 2 Lugares,Moveis
957,958,76,10,562.91,Esteira Ergométrica,Esportes
958,959,107,1,713.61,Guarda-Roupa,Moveis
959,960,139,10,1646.92,Casinha para Cachorro,Pet Shop
960,961,96,8,1606.04,Ar Condicionado,Eletrodomesticos
961,962,148,9,1545.15,Fardo de Refrigerante,Alimentos
962,963,116,2,452.28,Colchão Queen,Moveis
963,964,125,4,927.87,Cama Elástica,Brinquedos
964,965,77,10,1493.99,Banco de Musculação,Esportes
965,966,116,4,538.33,Colchão Queen,Moveis
966,967,115,8,1121.39,Cama Casal,Moveis
967,968,98,2,1429.19,Freezer Horizontal,Eletrodomesticos
968,969,139,5,1656.66,Casinha para Cachorro,Pet Shop
969,970,113,8,1282.74,Cômoda,Moveis
970,971,156,3,1349.76,Carrinho de Mão,Construcao
971,972,156,2,488.55,Carrinho de Mão,Construcao
972,973,75,1,469.6,Bicicleta Adulto,Esportes
973,974,156,9,1999.63,Carrinho de Mão,Construcao
974,975,124,4,1258.16,Piscina Inflável,Brinquedos
975,976,85,9,368.46,Servidor Torre,Informatica
976,977,101,10,1430.22,Secadora de Roupas,Eletrodomesticos
977,978,112,1,1283.92,Painel para TV,Moveis
978,979,110,1,260.69,Mesa de Jantar,Moveis
979,980,156,7,399.25,Carrinho de Mão,Construcao
980,981,112,6,1469.85,Painel para TV,Moveis
981,982,139,6,436.89,Casinha para Cachorro,Pet Shop
982,983,109,6,1401.21,Sofá 3 Lugares,Moveis
983,984,116,6,817.27,Colchão Queen,Moveis
984,985,100,3,1945.26,Máquina de Lavar,Eletrodomesticos
985,986,110,2,334.35,Mesa de Jantar,Moveis
986,987,139,2,1571.48,Casinha para Cachorro,Pet Shop
987,988,115,10,600.37,Cama Casal,Moveis
988,989,110,7,129.15,Mesa de Jantar,Moveis
989,990,112,2,1323.53,Painel para TV,Moveis
990,991,100,5,34.0,Máquina de Lavar,Eletrodomesticos
991,992,130,9,1790.85,Bateria Automotiva,Automotivo
992,993,110,10,1144.72,Mesa de Jantar,Moveis
993,994,98,8,1282.73,Freezer Horizontal,Eletrodomesticos
994,995,113,4,1056.11,Cômoda,Moveis
995,996,155,6,1836.49,Escada,Construcao
996,997,139,6,214.67,Casinha para Cachorro,Pet Shop
997,998,99,7,168.84,Fogão,Eletrodomesticos
998,999,99,10,1745.2,Fogão,Eletrodomesticos
999,1000,98,9,1971.78,Freezer Horizontal,Eletrodomesticos
